cap_gap,cap_width,finger_count,finger_length,bottom_to_bottom,bottom_to_ground,ground_to_ground,top_to_bottom,top_to_ground,top_to_top
2.1,4.9,1.0,25.9,12.78614,12.09846,58.45017,0.51663,14.95437,15.65491
2.1,10.9,8.0,45.9,94.96956,58.07364,124.18885,36.28408,29.22434,65.85844
4.1,6.9,2.0,35.9,21.94864,18.77498,66.60369,2.8802600000000003,15.65588,18.77838
2.1,6.9,6.0,45.9,55.18578,33.69106,88.75992,21.05076,20.98596,42.46632
4.1,8.9,6.0,45.9,60.57606,41.62987,101.33585,18.4001,24.77954,43.49158
2.1,12.9,7.0,15.9,71.00832,53.34168,115.58561,17.03145,26.2044,43.63963
4.1,4.9,10.0,15.9,45.77354,35.33579,88.82414,10.09068,20.01188,30.45764
2.1,8.9,2.0,35.9,25.40252,20.6069,69.08263,4.4951,16.16611,20.9302
2.1,4.9,9.0,15.9,42.06553,29.8259,81.28715,11.88987,18.14201,30.33844
4.1,6.9,6.0,15.9,38.13878,30.67125,82.12106,7.16345,18.02827,25.4846
4.1,10.9,8.0,15.9,68.95465,54.64401,116.58543,13.67966,25.88672,39.95016
4.1,4.9,9.0,45.9,56.95425,34.47371,94.32145,21.85252,26.57236,48.83611
2.1,12.9,3.0,35.9,39.12549,28.68879,85.93236,10.07851,23.18738,33.63532
2.1,4.9,10.0,45.9,70.66787,37.64119,93.85947,32.42395,22.56105,55.43625
2.1,8.9,6.0,15.9,46.91827,35.4894,88.2046,10.96816,18.71541,29.91505
4.1,4.9,5.0,15.9,25.87729,20.99162,69.3559,4.62835,16.23935,21.14739
2.1,14.9,5.0,35.9,68.52316,47.36695,112.79438,20.76705,29.51443,50.67125
4.1,12.9,3.0,25.9,35.56265,28.82329,84.13824,6.36762,21.79929,28.48645
4.1,10.9,4.0,45.9,49.16811,36.31944,93.57168,12.35438,22.8662,35.61103
4.1,4.9,1.0,35.9,12.73171,12.20549,60.13801,0.36241,16.47267,17.03366
2.1,6.9,2.0,25.9,20.8639,17.47581,63.91789,3.11073,14.33238,17.66004
2.1,4.9,5.0,45.9,36.83068,21.94381,75.10478,14.52057,20.67438,35.5041
2.1,14.9,1.0,15.9,18.50932,16.80842,64.86194,1.44354,16.50515,18.15599
2.1,10.9,4.0,15.9,39.4638,31.0403,82.50522,7.93254,17.66141,25.89781
2.1,14.9,9.0,25.9,110.06436,76.51531,150.9099,32.55387,36.23866,69.24473
4.1,8.9,2.0,25.9,22.95995,19.91865,67.2247,2.73292,15.49501,18.47237
2.1,10.9,3.0,35.9,34.91396,25.38392,79.55404,9.13548,21.76376,31.24216
4.1,6.9,9.0,45.9,70.17254,43.60852,108.61617,25.84203,30.21581,56.49901
2.1,6.9,10.0,25.9,68.90003,44.91553,101.85513,23.2984,22.52247,46.09882
4.1,10.9,7.0,45.9,75.47694,50.584740000000004,119.4901,24.401980000000002,33.11783,57.96044
4.1,4.9,6.0,15.9,30.58063,24.59514,73.23772,5.71426,16.19998,22.13613
2.1,8.9,9.0,45.9,89.044,50.70017,118.02962,37.69192,31.46136,69.35887
4.1,12.9,8.0,15.9,79.42021,63.07404,127.91226,15.59088,28.75828,44.8489
2.1,14.9,6.0,35.9,84.35009,58.25104,123.77985,25.58236,28.61859,54.69749
2.1,10.9,7.0,15.9,61.45314,45.94131,105.09427,14.97361,23.71136,39.01251
2.1,6.9,9.0,15.9,53.50447,38.67566,93.84849,14.52223,20.88388,35.70445
4.1,8.9,1.0,25.9,14.55366,13.73985,61.1518,0.6009800000000001,16.47644,17.2932
2.1,14.9,10.0,45.9,145.58591,90.44802,170.24922,54.47903,40.04983,95.18674
4.1,4.9,2.0,35.9,19.42169,16.77418,63.7077,2.38388,14.89725,17.5147
4.1,8.9,9.0,15.9,63.85358,49.76465,110.70467,13.42708,26.01256,39.74506
2.1,12.9,8.0,45.9,106.78788,66.64308,136.01487,39.49845,32.10738,72.24683
2.1,6.9,1.0,25.9,13.66484,12.80563,59.82901,0.6667500000000001,15.67129,16.51853
2.1,4.9,6.0,45.9,45.74491,27.2516,79.00961,18.10928,18.86175,37.21478
2.1,14.9,2.0,15.9,29.8775,25.26258,74.45224,4.26816,16.79391,21.24972
2.1,12.9,4.0,15.9,44.95454,35.48769,88.91652,9.05217,19.27887,28.62528
4.1,8.9,5.0,45.9,48.37288,33.24414,94.07994,14.7272,26.47913,41.72073
2.1,8.9,1.0,35.9,14.68703,13.64212,62.87424,0.8334300000000001,18.05242,19.1213
2.1,4.9,2.0,25.9,18.47389,15.60225,60.8675,2.59662,13.72633,16.55734
4.1,6.9,1.0,35.9,13.56738,12.90372,61.76082,0.47467000000000004,17.34339,18.01708
2.1,6.9,5.0,45.9,44.30287,26.93745,83.54272,16.9251,23.01211,40.27452
4.1,10.9,3.0,25.9,31.58189,25.59503,78.78835,5.61793,20.43285,26.33678
4.1,6.9,10.0,35.9,73.09078,49.03592,110.16976,23.36401,26.79159,50.61205
2.1,8.9,5.0,15.9,39.23057,29.90522,81.73843,8.91672,18.65634,27.93026
4.1,6.9,5.0,15.9,32.01392,25.89151,76.88439,5.80849,18.03617,24.07602
2.1,10.9,1.0,15.9,15.86873,14.61729,61.13342,1.02458,15.23633,16.50936
4.1,8.9,7.0,25.9,55.78525,41.23255,100.85203,13.98525,25.36885,39.70335
2.1,6.9,7.0,25.9,48.65684,32.45658,87.60772,15.68028,21.08821,37.08755
4.1,4.9,4.0,35.9,28.69059,21.70304,70.57263,6.59185,16.78204,23.64352
2.1,14.9,4.0,15.9,50.49347,39.82256,95.26539,10.11202,20.86009,31.23805
2.1,10.9,9.0,25.9,85.50509,57.87078,123.51994,26.76595,29.57015,56.77275
4.1,12.9,6.0,25.9,66.80285,51.37897,113.19697,14.83985,26.291150000000002,41.41409
2.1,10.9,5.0,35.9,54.48322,36.4059,95.76208,17.44924,25.15547,42.90502
4.1,10.9,1.0,45.9,15.69414,14.75825,67.59765,0.74404,20.74935,21.80433
4.1,4.9,8.0,25.9,43.43218,31.2956,84.1424,11.61323,19.67277,31.54716
4.1,10.9,10.0,25.9,92.42369,68.05048,136.59065,23.44498,31.84748,55.70562
2.1,12.9,6.0,35.9,75.83955,51.61468,113.79083,23.64975,26.27699,50.30783
4.1,10.9,5.0,25.9,48.17749,36.92293,95.30376,10.70406,24.10721,35.14021
2.1,8.9,3.0,15.9,26.46046,21.35882,69.79297,4.81231,16.38278,21.41046
2.1,4.9,8.0,35.9,51.87182,31.14699,83.45549,20.28146,19.29549,39.85137
2.1,10.9,10.0,35.9,106.57215,67.25531,135.1273,38.27829,31.09866,69.89445
4.1,6.9,3.0,15.9,22.17553,18.83528,66.35541,3.07264,15.72419,19.04266
2.1,12.9,2.0,15.9,27.12047,23.00972,71.48547,3.79838,15.82373,19.84318
4.1,8.9,3.0,45.9,31.202,23.4293,79.61384,7.49624,22.94208,30.73056
2.1,14.9,8.0,45.9,118.36966,75.11496,148.90255,42.61502,35.06382,78.19266
2.1,8.9,7.0,35.9,64.03842,40.45581,100.97198,23.08347,25.88827,49.3486
4.1,6.9,7.0,35.9,51.09989,34.86894,93.9668,15.65333,25.06271,41.00964
2.1,4.9,4.0,25.9,26.98623,19.84377,66.81403,6.82474,14.83177,21.90631
2.1,6.9,3.0,45.9,28.72173,19.65355,72.82925,8.71828,20.63552,29.65902
4.1,10.9,9.0,35.9,88.73307,61.14529,132.19017,26.62797,34.56668,61.77084
2.1,8.9,8.0,25.9,67.61721,46.09617,104.08419,20.91871,22.9552,44.2143
2.1,12.9,5.0,35.9,61.53999,41.88171,104.64381,19.11063,27.29126,46.80966
4.1,10.9,6.0,25.9,58.69293,44.84271,103.73762,13.25351,23.93976,37.54838
4.1,6.9,8.0,25.9,54.22189,39.69946,96.0656,14.01385,22.1918,36.55562
2.1,12.9,10.0,15.9,99.76355,74.05123,142.43882,24.9621,30.43514,55.84737
4.1,6.9,4.0,35.9,34.32427,26.03247,76.80847,7.95492,18.25626,26.48633
2.1,4.9,7.0,25.9,39.26299,25.60977,76.93487,13.26426,18.78988,32.30708
2.1,12.9,9.0,25.9,97.62656,67.18904,137.21136,29.59837,32.87609,62.9167
2.1,12.9,1.0,15.9,17.1655,15.68268,63.34284,1.239,15.81197,17.28969
2.1,8.9,4.0,35.9,41.73053,29.47406,82.08584,11.81992,18.98285,31.04742
2.1,6.9,4.0,25.9,32.41883,23.99505,72.50813,8.11639,16.18172,24.53035
4.1,4.9,7.0,35.9,41.48739,27.93146,83.36954,13.082,22.1943,35.62424
4.1,12.9,9.0,35.9,100.88082,70.82593,146.40489,29.34007,37.89699,68.02742
2.1,4.9,3.0,45.9,24.57615,16.89179,67.63227,7.40428,19.04515,26.73411
2.1,14.9,7.0,15.9,80.46316,60.60069,125.75437,18.97173,28.83436,48.19483
2.1,8.9,10.0,45.9,101.78691,58.96084,124.89715,42.2832,29.25596,72.09757
2.1,10.9,2.0,15.9,24.29283,20.67181,67.67012,3.28919,14.894870000000001,18.43139
4.1,8.9,4.0,25.9,36.61767,29.02856,80.82606,7.15683,18.56668,25.95121
4.1,4.9,3.0,15.9,18.69593,16.03266,61.88755,2.43868,14.58455,17.24452
4.1,8.9,8.0,35.9,71.23893,49.60132,111.19968,20.91743,26.73863,48.11524
2.1,14.9,3.0,35.9,43.38465,32.01654,91.162,10.99281,24.68966,36.11317
4.1,12.9,5.0,25.9,54.87869,42.33799,103.60583,12.01876,26.22814,38.61105
2.1,10.9,6.0,35.9,67.20976,44.96409,103.69355,21.60242,23.96784,45.97905
2.1,6.9,8.0,35.9,63.67936,39.37439,95.55975,23.74643,21.84158,45.89577
4.1,10.9,2.0,45.9,29.34703,24.48174,75.6752,4.53948,18.66673,23.48549
4.1,8.9,10.0,15.9,71.37209,55.66525,117.58023,15.02494,26.26753,41.72125
4.1,6.9,7.0,25.9,46.62414,34.01106,90.88983,12.05876,22.7693,35.09611
2.1,4.9,4.0,35.9,30.13538,20.974,68.63967,8.85329,15.95334,25.08625
4.1,10.9,9.0,25.9,81.80706,60.05367,128.13669,20.90266,31.95145,53.29088
4.1,10.9,1.0,15.9,15.72347,14.73961,61.36424,0.7526700000000001,15.35903,16.35627
2.1,8.9,7.0,25.9,58.13756,39.59488,97.57854,18.02031,23.59893,41.93267
2.1,10.9,10.0,25.9,96.50902,65.62173,131.70733,29.9822,29.21199,59.60453
2.1,14.9,4.0,45.9,63.57027,44.27985,105.24402,18.855620000000002,25.2778,44.51114
2.1,12.9,6.0,25.9,69.33348,49.92127,110.02131,18.88406,24.69211,43.88211
4.1,10.9,5.0,35.9,51.79517,37.6772,98.75684,13.51533,26.36033,40.28428
2.1,10.9,1.0,45.9,15.81649,14.598,67.27407,1.02396,20.59449,21.93432
2.1,4.9,8.0,25.9,45.61628,29.71075,80.7215,15.42003,17.87203,33.54456
4.1,10.9,10.0,35.9,100.99499,70.01176,140.8091,29.90875,33.77716,64.22991
2.1,6.9,3.0,15.9,22.66941,18.37111,65.61429,4.06133,15.17908,19.48546
4.1,12.9,6.0,35.9,72.33644,53.25255,117.17287,18.53828,27.97364,46.86221
2.1,10.9,5.0,25.9,50.16643,35.79538,93.10833,13.8043,22.90912,36.96873
2.1,14.9,8.0,15.9,92.40274,69.55477,136.39377,21.8882,29.51675,51.76407
4.1,8.9,3.0,15.9,25.9545,21.93497,71.44312,3.6992,16.95696,20.89102
2.1,12.9,2.0,45.9,33.3841,26.48443,79.58563,6.57598,19.30548,26.15101
4.1,4.9,8.0,35.9,48.64614,32.84775,87.27176,15.25605,21.23707,36.79751
2.1,6.9,7.0,35.9,54.14945,33.24873,90.71251,20.35327,23.24465,43.96034
4.1,4.9,4.0,25.9,25.97407,20.52599,67.88938,5.07219,15.58455,20.90878
4.1,6.9,3.0,45.9,27.16464,20.23212,74.01179,6.56601,21.33982,28.19186
2.1,10.9,9.0,35.9,93.82171,58.72717,126.88261,34.12923,32.12281,66.80371
2.1,8.9,3.0,45.9,32.89534,22.7807,78.13574,9.79881,22.27823,32.34899
4.1,12.9,2.0,15.9,26.54601,23.32391,71.74121,2.89923,16.19554,19.32512
4.1,8.9,7.0,35.9,60.58001,42.0134,104.08413,17.97394,27.7199,46.11426
4.1,12.9,5.0,35.9,58.66596,43.24548,107.35613,14.95974,28.63447,44.03905
2.1,10.9,6.0,25.9,61.11987,43.50722,100.94519,17.02903,22.41694,39.78342
2.1,6.9,8.0,25.9,56.63561,37.85762,92.33922,18.25901,20.30224,38.8306
2.1,12.9,1.0,45.9,17.13137,15.69889,70.07943,1.22772,21.44816,22.98842
4.1,8.9,8.0,25.9,64.90448,47.97853,107.89847,16.23322,25.02775,41.64428
2.1,14.9,3.0,25.9,40.96945,31.37007,87.33179,9.07564,22.47392,31.90605
2.1,12.9,10.0,45.9,131.29527,80.0963,155.47275,50.55218,36.42698,87.59318
4.1,12.9,1.0,15.9,16.93667,15.78091,63.47487,0.90012,15.95194,17.08254
4.1,8.9,4.0,35.9,39.88134,30.32406,83.80945,9.09466,19.90921,29.25567
2.1,6.9,4.0,35.9,35.98982,25.21932,75.18223,10.44906,17.41241,28.13024
4.1,12.9,10.0,15.9,97.14587,76.43402,147.31121,19.87346,33.05314,53.42721
4.1,4.9,7.0,25.9,37.47046,27.03457,80.24099,9.97269,20.16897,30.43001
4.1,12.9,9.0,25.9,93.7235,69.50327,141.61048,23.4008,35.15164,59.18163
4.1,8.9,10.0,45.9,94.83218,61.34661,130.03986,32.94915,32.04932,65.61299
4.1,10.9,2.0,15.9,23.9349,21.0961,68.1567,2.51389,15.29043,18.04935
2.1,8.9,4.0,25.9,37.88193,28.15066,79.13415,9.30659,17.668,27.1945
4.1,6.9,4.0,25.9,31.29985,24.78678,74.0817,6.18202,16.98248,23.40669
2.1,4.9,7.0,35.9,44.14605,26.38904,79.36719,17.40717,20.75462,38.46114
2.1,12.9,9.0,35.9,106.57317,68.28606,141.39604,37.29955,35.54218,73.37724
4.1,4.9,3.0,45.9,23.19039,17.38452,68.42232,5.4661100000000005,19.65256,25.41247
2.1,12.9,5.0,25.9,56.94409,41.13124,101.19215,15.31036,24.95066,40.60651
4.1,10.9,6.0,35.9,63.94746,46.46583,107.19569,16.80511,25.5367,42.78673
4.1,6.9,8.0,35.9,60.05069,41.30434,99.29401,18.22424,23.846,42.48369
2.1,10.9,2.0,45.9,30.37345,24.07294,75.0027,5.98869,18.25951,24.51611
2.1,8.9,10.0,15.9,73.03327,53.33514,112.89129,19.12899,23.81535,43.32383
2.1,4.9,3.0,15.9,19.13493,15.63556,61.43013,3.28636,14.12686,17.63425
2.1,14.9,7.0,45.9,100.53028,63.26576,137.61996,36.63689,36.79172,74.02081
2.1,8.9,8.0,35.9,75.1979,47.76272,107.61168,26.86204,24.57381,51.8458
4.1,12.9,7.0,15.9,69.08778,54.92867,118.86767,13.49506,28.00275,41.9297
2.1,8.9,6.0,45.9,64.29331,40.00827,98.40938,23.72347,23.29129,47.23478
2.1,14.9,9.0,35.9,119.02188,78.03685,156.20148,40.40712,39.00616,80.02956
2.1,4.9,10.0,15.9,46.96253,33.29626,84.93111,13.3115,17.90785,31.528950000000002
4.1,8.9,2.0,35.9,24.65818,20.95509,69.60007,3.36997,16.54064,20.18121
4.1,4.9,9.0,15.9,40.94451,31.61651,84.90052,9.00477,20.06025,29.38499
4.1,4.9,1.0,25.9,12.73545,12.20109,58.69363,0.36961000000000005,15.06019,15.61458
4.1,10.9,8.0,45.9,89.28971,60.25609,128.2302,28.4093,31.33118,60.28566
2.1,6.9,2.0,35.9,22.68055,18.49297,65.89308,3.90318,15.35085,19.49198
4.1,6.9,6.0,45.9,51.77186,35.13461,91.8723,16.17966,22.4778,39.07466
2.1,4.9,9.0,45.9,61.84841,32.38111,89.92307,28.884430000000002,24.22677,53.55665
4.1,12.9,3.0,35.9,37.55535,29.42624,87.5467,7.816,23.95523,32.18283
4.1,4.9,10.0,45.9,65.40411,40.10263,98.51819,24.62746,24.99255,50.09847
2.1,12.9,7.0,45.9,90.80272,56.16016,127.07215,33.99204,33.87681,68.3859
4.1,8.9,6.0,15.9,45.96228,36.87397,91.20479,8.53985,20.05809,28.887340000000002
2.1,6.9,6.0,15.9,39.04558,29.50639,79.86311,9.29207,16.77056,26.33959
2.1,14.9,5.0,25.9,63.863,46.37482,108.49297,16.8684,27.08055,44.23756
2.1,10.9,8.0,15.9,70.77807,52.77439,112.64368,17.3212,23.96441,41.60466
2.1,12.9,3.0,25.9,36.67479,28.12893,82.70027,8.18535,21.06224,29.54753
2.1,10.9,4.0,45.9,51.73378,35.2651,91.43263,15.99216,21.82097,38.15087
2.1,4.9,5.0,15.9,26.53413,20.10703,67.69594,6.15445,15.29704,21.70257
2.1,14.9,1.0,45.9,18.43034,16.80919,71.96298,1.4306400000000001,22.27951,24.03805
4.1,10.9,4.0,15.9,38.61615,31.96057,84.29772,6.18873,18.58672,25.10048
2.1,8.9,2.0,25.9,23.48615,19.55296,66.6688,3.6478,15.11617,19.00341
2.1,4.9,1.0,35.9,12.79703,12.12519,59.4986,0.5118400000000001,16.38046,17.08743
4.1,6.9,2.0,25.9,20.39118,17.80506,64.29761,2.30923,14.66488,17.19448
4.1,4.9,5.0,45.9,34.26941,22.98576,76.87283,10.87665,21.84617,33.10597
2.1,4.9,6.0,15.9,31.33972,23.49326,71.06276,7.59193,15.03242,22.81297
2.1,14.9,2.0,45.9,36.49643,29.00281,82.97767,7.19281,20.46334,27.90684
2.1,12.9,8.0,15.9,81.48534,61.13093,124.12303,19.67269,26.62307,46.76219
4.1,8.9,9.0,45.9,83.04592,53.07359,122.58964,29.34703,33.68903,63.39502
4.1,10.9,3.0,35.9,33.51556,26.12726,81.7741,6.99813,22.49744,29.85814
2.1,14.9,10.0,15.9,113.34224,84.46821,156.69546,27.78399,33.95713,62.16747
2.1,6.9,9.0,45.9,75.64046,41.47017,104.1627,33.4977,27.748920000000002,61.65329
4.1,6.9,10.0,25.9,65.88382,47.27935,106.66066000000001,17.92697,24.95133,43.27616
2.1,10.9,7.0,45.9,80.22864,48.64112,115.72236,31.19457,31.0814,62.71578
2.1,4.9,2.0,35.9,20.00715,16.4614,62.74111,3.2805400000000002,14.57977,18.08957
4.1,6.9,1.0,25.9,13.58084,12.91772,60.07192,0.47735000000000005,15.77519,16.43384
2.1,8.9,9.0,15.9,65.28973,47.61845,106.11881,17.12181,23.91862,41.25534
4.1,4.9,6.0,45.9,42.68437,28.59033,81.2603,13.59703,20.35564,34.2428
4.1,10.9,7.0,15.9,59.97533,47.63709,108.55286,11.81243,25.49016,37.62589
2.1,8.9,1.0,25.9,14.6845,13.63373,61.02824,0.8405,16.36002,17.4134
4.1,6.9,9.0,15.9,52.18314,40.52186,97.38341,11.24745,22.95146,34.53397
4.1,4.9,2.0,25.9,17.96055,15.82949,61.62391,1.87826,13.95284,16.04652
2.1,6.9,1.0,35.9,13.65311,12.79906,61.61259,0.6644100000000001,17.23999,18.10187
4.1,6.9,5.0,45.9,41.4536,27.96901,85.89948,12.98381,24.28006,37.54701
2.1,8.9,5.0,45.9,51.5451,32.03806,91.33395,19.11091,25.08716,44.69065
4.1,12.9,4.0,15.9,43.86351,36.29128,90.4997,7.11458,20.20221,27.60126
4.1,8.9,1.0,35.9,14.5576,13.74079,62.9326,0.59997,18.15956,18.99567
2.1,6.9,5.0,15.9,32.79263,24.98322,74.98806,7.54392,17.01049,24.80333
2.1,14.9,6.0,25.9,77.72557,56.22829,119.23195,20.70502,26.9468,48.0441
2.1,10.9,3.0,25.9,32.67734,24.96192,77.72447,7.33754,19.72249,27.33572
2.1,6.9,10.0,35.9,77.66961,46.55876,105.45588,30.36821,24.23377,54.90184
4.1,8.9,5.0,15.9,38.41039,31.01324,84.34953,6.92508,19.80164,27.11536
2.1,12.9,4.0,45.9,57.7175,39.89275,98.69279,17.42141,23.66195,41.45239
4.1,10.9,6.0,15.9,53.69911,43.23129,100.23065,9.94416,22.20827,32.51327
4.1,6.9,8.0,15.9,48.25633,38.00365,92.14798,9.87868,20.48961,30.71664
2.1,8.9,10.0,35.9,92.02247,57.00902,120.56801,34.41168,27.49412,62.39135
2.1,4.9,3.0,35.9,22.72391,16.45217,65.59723,6.00201,17.40164,23.66125
2.1,8.9,8.0,15.9,60.00257,44.42258,100.27778,15.03656,21.21543,36.59696
4.1,4.9,7.0,45.9,45.57815,28.7279,85.99763,16.327,24.15577,40.89145
4.1,10.9,2.0,35.9,27.51404,23.29018,73.35986,3.83797,17.53586,21.64499
2.1,12.9,1.0,25.9,17.09158,15.6152,65.39487,1.21439,17.66281,19.13604
2.1,6.9,8.0,45.9,70.88774,40.91534,98.92538,29.3594,23.3234,53.06509
2.1,10.9,6.0,45.9,73.21506,46.68528,107.68278,26.15279,25.51197,52.124
2.1,12.9,10.0,25.9,109.99568,75.99403,146.63857,33.22374,32.60437,66.28661
2.1,14.9,3.0,45.9,45.80151,32.43367,94.01968,12.98061,26.91379,40.34445
2.1,4.9,7.0,15.9,34.20523,24.93093,74.08669,9.01338,16.81093,26.06686
2.1,12.9,9.0,15.9,89.31992,66.22329,133.15369,22.3158,29.96036,52.73888
4.1,8.9,8.0,45.9,77.76412,51.52313,115.57029,25.69001,28.43415,54.65327
2.1,10.9,2.0,25.9,26.31652,21.78449,70.09003,4.16478,16.02131,20.43053
4.1,12.9,1.0,35.9,16.94834,15.82673,68.01954,0.8948300000000001,19.69391,20.88635
4.1,8.9,4.0,15.9,33.39056,27.68488,78.29758,5.29772,17.15806,22.69053
2.1,12.9,5.0,45.9,66.04128,42.69495,108.21139,22.92025,29.63202,52.99518
2.1,6.9,4.0,15.9,28.82295,22.80759,70.09128,5.80855,14.93199,20.96319
4.1,12.9,10.0,35.9,114.47928,80.76278,156.44909,32.92756,37.25423,70.88617
2.1,14.9,7.0,25.9,86.90453,61.29706,129.18602,24.66807,31.58062,56.71632
2.1,8.9,4.0,45.9,45.71436,30.89359,85.2308,14.38965,20.30023,34.95918
4.1,12.9,5.0,15.9,51.34437,41.59208,100.17763,9.24356,23.73754,33.32253
4.1,8.9,10.0,25.9,79.05398,57.52802,121.676,20.77686,28.32602,49.5259
4.1,4.9,3.0,25.9,20.16766,16.43537,64.69142,3.43034,16.26412,19.92818
4.1,6.9,4.0,45.9,37.49176,27.36127,79.74403,9.7772,19.5164,29.62838
2.1,6.9,7.0,15.9,43.05722,31.72234,84.45251,11.01676,18.87173,30.22383
2.1,10.9,9.0,15.9,77.14907,56.74737,119.50314,19.67217,26.78203,46.93037
2.1,14.9,4.0,25.9,54.70802,41.19832,98.34545,12.92661,22.36109,35.58637
2.1,10.9,10.0,45.9,116.42465,69.32856,140.00644,46.49755,32.92553,80.01761
2.1,4.9,8.0,45.9,58.31384,32.50891,86.11891,25.29661,20.64662,46.30918
2.1,10.9,1.0,25.9,15.85937,14.59225,63.10484,1.02072,17.065,18.33345
4.1,12.9,2.0,35.9,30.36606,25.75419,77.56731,4.29179,18.57124,23.13658
2.1,12.9,6.0,45.9,82.26354,53.35816,117.59754,28.45042,27.87137,56.74334
4.1,8.9,7.0,15.9,51.04245,40.31861,97.60517,10.17996,22.85235,33.39563
4.1,10.9,9.0,45.9,95.58473,62.46966,136.80111,32.42689,37.20568,70.25367
4.1,10.9,10.0,15.9,84.17214,66.00256,132.3595,17.38885,29.62583,47.46738
2.1,6.9,3.0,35.9,26.64718,19.18073,70.2738,7.12697,18.82121,26.21402
4.1,6.9,7.0,45.9,55.7969,35.76054,97.29848,19.38918,27.25768,46.99644
4.1,12.9,6.0,15.9,61.5811,49.66988,109.4979,11.35273,24.52205,36.1492
2.1,8.9,7.0,45.9,70.22354,41.43609,104.86365,28.32001,28.16264,56.91556
2.1,14.9,8.0,35.9,109.62714,73.53178,145.28737,35.44689,33.32697,69.29922
4.1,8.9,3.0,35.9,29.37706,22.8229,76.34891,6.19239,20.96644,27.41149
4.1,4.9,8.0,15.9,38.11335,29.8936,80.96287,7.90509,18.09954,26.26735
4.1,6.9,3.0,25.9,23.83947,19.29387,69.03457,4.21191,17.61712,22.06065
4.1,4.9,4.0,45.9,31.4978,22.88116,72.40457,8.18803,17.99545,26.47492
4.1,10.9,5.0,15.9,44.77482,36.22689,92.13718,8.07551,21.69778,30.10948
2.1,8.9,3.0,25.9,28.57131,21.79753,72.33106,6.44675,18.37775,25.03289
2.1,4.9,4.0,15.9,23.74662,18.77252,64.2038,4.73094,13.68361,18.663710000000002
4.1,10.9,1.0,35.9,15.68358,14.70965,65.64452,0.7400100000000001,18.93928,19.96516
2.1,12.9,2.0,25.9,29.06626,24.05365,73.82026,4.66439,16.96885,21.86489
2.1,10.9,5.0,45.9,58.69122,37.22222,99.68718,21.04019,27.3719,48.7405
2.1,6.9,5.0,35.9,40.3882,26.23626,80.65796,13.73328,21.05525,35.06616
4.1,4.9,6.0,25.9,34.65286,25.89566,76.05246,8.33281,17.61671,26.17278
4.1,6.9,1.0,45.9,13.54835,12.89278,63.85132,0.47825000000000006,18.88542,19.58697
4.1,12.9,8.0,25.9,86.25568,64.98847,132.01582,20.50395,30.75295,51.80896
2.1,6.9,10.0,15.9,59.93219,43.30622,98.39839,16.24935,20.74592,37.31641
2.1,8.9,1.0,45.9,14.70331,13.66427,65.32231,0.84125,19.71455,20.81929
4.1,8.9,5.0,35.9,44.95107,32.3722,90.04471,12.06108,24.29907,36.81011
4.1,8.9,9.0,25.9,70.08542,50.8161,114.18744,18.53249,28.71675,47.50304
2.1,6.9,1.0,15.9,13.62255,12.78564,58.0137,0.6691,14.05235,14.91395
2.1,14.9,2.0,25.9,32.01128,26.41461,77.14607,5.20299,17.9973,23.41526
4.1,12.9,4.0,35.9,51.17251,39.32554,97.43613,11.37836,23.1843,34.90699
2.1,10.9,7.0,25.9,67.75657,46.8637,108.83635,20.25982,26.29119,46.84435
4.1,6.9,10.0,45.9,80.62502,50.80066,114.1639,29.02394,28.51133,58.09317
2.1,6.9,9.0,25.9,60.88867,39.55262,97.23545,20.7631,23.24674,44.27989
4.1,8.9,1.0,15.9,14.56653,13.75663,59.66075,0.6063400000000001,14.75702,15.57932
2.1,14.9,6.0,45.9,90.93006,59.75254,127.17597,30.64423,30.22569,61.37902
2.1,4.9,2.0,15.9,16.82899,14.71062,59.03334,1.9011,12.79837,14.91522
2.1,8.9,9.0,35.9,80.91943,49.56488,113.88124,30.69101,29.00716,59.89062
2.1,12.9,4.0,25.9,49.04328,36.87262,91.79978,11.726750000000001,20.78413,32.8101
4.1,10.9,7.0,35.9,70.27532,49.48386,115.75338,20.08008,30.62196,51.11875
4.1,6.9,9.0,35.9,64.00772,42.57999,104.87919,20.80786,27.89118,49.05578
2.1,10.9,3.0,45.9,37.11616,25.96066,83.02793,10.90132,23.79835,35.08946
4.1,6.9,5.0,25.9,35.17029,26.58523,79.90527,8.15086,20.15774,28.52187
2.1,4.9,6.0,35.9,40.90498,25.99426,76.03103,14.54699,17.62251,32.37817
2.1,12.9,8.0,35.9,98.26095,64.7049,131.89139,32.73395,30.34098,63.67535
4.1,4.9,2.0,45.9,20.89371,17.70991,65.0946,2.90474,15.84128,18.99364
2.1,14.9,10.0,35.9,134.72212,88.82104,166.48597,45.21845,38.16664,84.04951
4.1,10.9,3.0,15.9,29.81702,25.15139,76.01799,4.33519,18.28483,22.89221
2.1,8.9,5.0,25.9,43.25029,30.54769,84.91536,12.25559,20.843890000000002,33.46785
2.1,12.9,7.0,25.9,77.27712,54.13572,119.21125,22.4462,28.89265,51.73662
4.1,4.9,10.0,25.9,52.35779,36.86567,92.30218,14.90832,21.71837,36.98188
4.1,10.9,4.0,35.9,45.65759,34.81198,90.35098,10.24196,21.45007,32.06874
2.1,4.9,9.0,25.9,48.70706,30.59895,84.23297,17.55128,20.19845,38.07997
2.1,14.9,5.0,45.9,73.12982,47.92216,115.93828,24.78953,31.90997,57.0999
2.1,4.9,1.0,15.9,12.792300000000001,12.13258,56.76237,0.5204300000000001,13.53762,14.24032
2.1,8.9,6.0,25.9,52.64929,36.96641,91.65223,15.15003,20.29558,35.64229
4.1,6.9,6.0,25.9,42.68238,32.16937,85.60721,10.1035,19.55079,29.95648
2.1,4.9,5.0,35.9,33.36513,21.30125,72.24773,11.70272,18.90605,30.88748
4.1,10.9,8.0,25.9,75.62015,56.51604,120.2822,18.36254,27.85304,46.59923
4.1,4.9,1.0,45.9,12.70293,12.15983,61.41887,0.36334000000000005,17.81019,18.40103
2.1,8.9,2.0,45.9,27.37737,21.72578,71.53247,5.36691,17.21322,22.87529
4.1,12.9,3.0,15.9,33.70297,28.34102,81.31709,4.99964,19.57632,24.86462
4.1,8.9,6.0,35.9,55.55795,39.88422,97.40742,15.02277,23.24005,38.54885
2.1,6.9,6.0,35.9,49.75423,32.26957,85.686,17.06891,19.63965,37.05507
4.1,4.9,5.0,25.9,28.69106,21.61298,71.96353,6.70241,18.12585,25.1243
4.1,6.9,2.0,45.9,23.60765,19.82958,69.01242,3.47588,16.64897,20.40246
2.1,10.9,8.0,35.9,87.02822,56.17311,119.83462,29.92701,27.5575,57.79994
4.1,12.9,7.0,35.9,79.7641,57.00488,126.98844,22.16279,33.31868,56.06153
2.1,4.9,10.0,35.9,62.70101,36.22233,91.01593,25.95857,21.07418,47.37541
2.1,14.9,9.0,15.9,101.48299,75.61577,147.03602,24.88059,33.27733,58.52566
2.1,10.9,4.0,25.9,43.54623,32.44314,85.46394,10.54849,19.09308,29.92449
4.1,8.9,2.0,15.9,21.23999,18.83252,65.61827,2.11676,14.37695,16.7328
2.1,12.9,3.0,45.9,41.47663,29.22052,88.91176,11.98386,25.33351,37.73584
4.1,4.9,9.0,35.9,51.57073,33.5608,91.64468,17.44302,24.46642,42.26866
2.1,6.9,2.0,15.9,19.1063,16.53607,61.49165,2.34769,13.35122,15.91297
2.1,14.9,1.0,25.9,18.49276,16.78539,66.963,1.4474,18.46784,20.15252
2.1,14.9,10.0,25.9,123.7521,86.2507,160.95931,36.38476,36.13165,73.02141
4.1,8.9,1.0,45.9,14.56863,13.79113,65.63654,0.6046100000000001,19.8279,20.69895
4.1,6.9,10.0,15.9,58.47064,45.41902,102.50396,12.57893,23.06088,36.04377
2.1,8.9,5.0,35.9,47.33385,31.26593,87.76552,15.63819,22.97187,39.05058
4.1,6.9,5.0,35.9,38.18928,27.21443,82.86633,10.51545,22.22083,32.98144
2.1,4.9,6.0,25.9,36.20323,24.71929,73.90707,11.11381,16.34088,27.6351
2.1,6.9,1.0,45.9,13.64583,12.79584,63.58436,0.67244,18.78114,19.67895
2.1,12.9,8.0,25.9,89.62994,62.85986,127.81108,26.02744,28.57476,55.09854
2.1,12.9,4.0,35.9,53.42338,38.37007,95.46724,14.56843,22.214,37.12951
4.1,10.9,7.0,25.9,64.95157,48.53487,112.32108,15.79378,28.1574,44.25522
2.1,8.9,1.0,15.9,14.67483,13.64197,59.01106,0.8399800000000001,14.64488,15.69639
2.1,6.9,10.0,45.9,86.65461,48.19832,109.08214,37.62883,25.84103,63.85721
4.1,6.9,9.0,25.9,58.17815,41.57918,101.40716,15.98779,25.45463,41.75128
4.1,6.9,1.0,15.9,13.51304,12.86618,58.12621,0.47736000000000006,14.15391,14.82276
2.1,8.9,9.0,25.9,73.08122,48.57473,110.13874,23.85172,26.544810000000002,50.55652
4.1,12.9,4.0,25.9,47.43359,37.75069,93.49343,9.1862,21.73065,31.20235
2.1,10.9,7.0,35.9,74.05795,47.5995,111.58986,25.75139,28.69593,54.82242
2.1,6.9,9.0,35.9,68.16105,40.5134,100.68563,27.03904,25.5445,52.88955
4.1,10.9,3.0,45.9,35.3734,26.70885,84.28544,8.39253,24.602430000000002,33.38607
4.1,4.9,2.0,15.9,16.50392,14.91193,59.4241,1.38323,13.00358,14.59456
4.1,8.9,9.0,35.9,76.42314,51.74209,117.83337,23.89542,31.20803,55.41403
2.1,14.9,2.0,35.9,34.22424,27.77373,80.48482,6.16941,19.20486,25.6287
2.1,10.9,3.0,15.9,30.44438,24.50373,74.79741,5.59936,17.61325,23.4884
4.1,8.9,5.0,25.9,41.6243,31.69248,87.31891,9.42954,22.08473,31.91398
2.1,6.9,5.0,25.9,36.62098,25.58365,77.78266,10.62894,19.04912,29.9221
4.1,4.9,6.0,35.9,38.66242,27.2903,79.19732,10.92266,19.02022,30.1994
4.1,12.9,8.0,35.9,93.45897,67.08101,136.72123,25.70067,32.61955,58.99977
2.1,14.9,6.0,15.9,71.4183,54.69214,115.88086,15.97346,25.20436,41.51466
2.1,4.9,2.0,45.9,21.72971,17.42105,64.29052,4.00522,15.55286,19.82634
4.1,4.9,1.0,15.9,12.73594,12.22088,56.8026,0.37569,13.63058,14.18953
2.1,14.9,1.0,35.9,18.47191,16.8467,69.94077,1.43894,20.36162,22.09636
4.1,12.9,7.0,25.9,74.29829,55.90031,122.64662,17.72071,30.73929,48.91912
2.1,4.9,10.0,25.9,55.00176,34.70743,87.83536,19.7015,19.48857,39.52749
2.1,10.9,4.0,35.9,47.64392,33.75321,87.97857,13.26666,20.45122,34.03239
4.1,4.9,9.0,25.9,46.31508,32.50751,88.24233,13.26653,22.28406,35.86
2.1,6.9,6.0,25.9,44.40061,30.8425,82.88026,13.1571,18.20172,31.64984
4.1,4.9,5.0,35.9,31.46168,22.31839,74.89173,8.76325,19.99024,29.0919
2.1,10.9,8.0,25.9,78.89245,54.59654,116.53557,23.49493,25.84777,49.60028
2.1,14.9,5.0,15.9,59.45636,45.77177,105.19612,13.07647,24.54618,37.85738
2.1,4.9,1.0,45.9,12.79015,12.11972,61.03338,0.50783,17.79803,18.52195
4.1,8.9,6.0,25.9,50.742,38.43197,94.31598,11.71051,21.71063,33.68239
4.1,6.9,6.0,35.9,47.13193,33.62518,88.52876,13.09364,21.0318,34.47228
2.1,4.9,5.0,25.9,29.9598,20.65658,70.18744,8.925510000000001,17.10117,26.27875
2.1,6.9,2.0,45.9,24.50264,19.5055,68.18019,4.70188,16.32892,21.30833
4.1,10.9,8.0,35.9,82.51415,58.29103,123.89606,23.3604,29.58039,53.44833
2.1,12.9,3.0,15.9,34.47778,27.72456,80.20943,6.42398,18.86751,25.56932
4.1,8.9,2.0,45.9,26.4323,22.12707,72.58979,4.02989,17.60355,21.93741
2.1,14.9,9.0,45.9,127.97834,78.83379,159.95393,48.60556,41.68388,90.90618
2.1,8.9,6.0,35.9,58.38041,38.41841,94.7629,19.38968,21.7959,41.39936
4.1,6.9,2.0,15.9,18.75645,16.77937,61.98197,1.7432800000000002,13.63035,15.58981
2.1,12.9,7.0,35.9,84.11604,55.10672,123.0617,28.20915,31.38819,60.07611
4.1,4.9,10.0,35.9,58.84614,38.57813,95.74889,19.6508,23.41272,43.47459
4.1,10.9,4.0,25.9,42.02665,33.35551,87.27878,8.13721,20.05476,28.51594
2.1,8.9,2.0,15.9,21.57356,18.5007,64.41887,2.81209,14.05828,17.09586
2.1,4.9,9.0,35.9,55.18985,31.52737,87.25953,23.14669,22.28649,45.79448
4.1,4.9,3.0,35.9,21.67881,16.93663,66.8732,4.433,17.981090000000002,22.67542
4.1,8.9,8.0,15.9,58.69605,46.2689,104.35958,11.77509,23.15632,35.33519
2.1,12.9,9.0,45.9,115.30956,69.4915,145.79997,45.04026,38.20436,83.79663
2.1,14.9,3.0,15.9,38.64079,30.95597,84.6932,7.19392,20.19513,27.70171
2.1,4.9,7.0,45.9,49.15198,27.12815,82.28058,21.6786,22.64305,44.67776
2.1,10.9,6.0,15.9,55.0233,41.86587,97.38764,12.63777,20.75678,33.74788
2.1,6.9,8.0,15.9,49.45971,36.36219,89.01935,12.80422,18.70073,31.78838
4.1,8.9,10.0,35.9,86.84078,59.24567,125.20047,26.82975,30.20183,57.54783
4.1,12.9,10.0,25.9,105.67855,78.56579,151.65053,26.24928,35.26256,62.05638
4.1,4.9,7.0,15.9,33.3584,26.25309,77.36162,6.81615,18.10631,25.2048
2.1,8.9,8.0,45.9,83.07385,49.5328,111.45445,32.97925,26.19782,59.64057
4.1,12.9,9.0,15.9,86.86462,68.29869,137.32339,17.73454,32.22853,50.54045
2.1,14.9,7.0,35.9,93.73656,62.57879,134.05066,30.53672,34.23034,65.35889
2.1,10.9,2.0,35.9,28.35171,22.87491,71.85003,5.08109,17.15636,22.48199
4.1,12.9,1.0,25.9,16.90262,15.74914,65.59834,0.8928100000000001,17.79519,18.94514
4.1,6.9,8.0,45.9,66.12763,42.96373,102.81901,22.58577,25.42503,48.51628
4.1,10.9,6.0,45.9,69.03529,48.15318,110.72117,20.37986,27.15072,47.99732
2.1,12.9,10.0,35.9,120.70365,77.93596,150.78229,41.84568,34.53059,76.94906
4.1,6.9,4.0,15.9,28.18701,23.49649,71.16082,4.43675,15.68924,20.354870000000002
4.1,10.9,2.0,25.9,25.71406,22.20611,70.66975,3.15624,16.45912,19.84989
2.1,12.9,1.0,35.9,17.12018,15.65802,67.68762,1.21587,19.56543,21.07032
2.1,8.9,4.0,15.9,34.06028,26.84888,76.34021,6.84265,16.31577,23.37923
2.1,4.9,3.0,25.9,20.95561,16.01213,63.72459,4.66171,15.77002,20.66036
2.1,6.9,4.0,45.9,39.64834,26.49246,78.1478,12.83302,18.62535,31.78142
2.1,12.9,5.0,15.9,52.6763,40.48964,97.98062,11.722620000000001,22.48642,34.54206
4.1,8.9,4.0,45.9,43.27821,31.82597,87.24845,11.07762,21.26282,32.62445
2.1,8.9,10.0,25.9,82.55954,55.18653,116.88274,26.72386,25.73466,52.8521
4.1,4.9,8.0,45.9,53.91421,34.23055,89.96153,19.06737,22.69899,42.12592
4.1,10.9,1.0,25.9,15.69679,14.70742,63.2526,0.73958,17.18506,18.17391
2.1,12.9,2.0,35.9,31.26998,25.28753,76.5432,5.61671,18.13436,24.00393
2.1,8.9,7.0,15.9,52.19444,38.7381,94.03482,13.00411,21.18952,34.51477
4.1,6.9,7.0,15.9,42.02929,33.11184,87.22216,8.52385,20.43121,29.26311
4.1,10.9,10.0,45.9,109.43075,72.21421,145.5597,36.45706,35.72673,72.74768
4.1,10.9,9.0,15.9,75.19046,58.9467,124.22055,15.54575,29.0628,45.06988
4.1,8.9,7.0,45.9,65.59865,43.12377,108.4479,22.04591,30.06731,52.60779
2.1,12.9,6.0,15.9,63.18432,48.32868,106.73842,14.36386,22.9606,37.61648
2.1,8.9,3.0,35.9,30.66982,22.24219,75.22531,8.09452,20.32909,28.66137
2.1,4.9,8.0,15.9,39.16799,28.39133,77.82239,10.47563,16.45069,27.16045
2.1,10.9,10.0,15.9,86.33071,63.55665,127.44134,21.99416,27.08311,49.53874
2.1,10.9,9.0,45.9,101.92623,59.93926,131.72188,41.40595,34.65542,76.67483
4.1,6.9,3.0,35.9,25.45246,19.73385,71.27868,5.36805,19.49025,25.10801
2.1,6.9,7.0,45.9,59.84993,34.08141,93.82324,25.17401,25.36478,50.9775
2.1,14.9,8.0,25.9,100.80435,71.21769,140.17041,28.58432,31.47533,60.47427
2.1,10.9,5.0,15.9,45.86434,35.08318,89.83981,10.29465,20.53775,31.13422
4.1,8.9,3.0,25.9,27.62769,22.37061,73.48264,4.91634,18.97512,24.12348
2.1,6.9,3.0,25.9,24.67523,18.75488,67.74787,5.59345,17.0206,22.85658
2.1,4.9,4.0,45.9,33.40373,22.09812,71.07748,10.98351,17.09315,28.38543
2.1,10.9,1.0,35.9,15.86284,14.59008,64.32406,1.02606,18.87248,20.16504
4.1,12.9,2.0,25.9,28.43531,24.50768,74.50121,3.57699,17.41757,21.23155
4.1,10.9,5.0,45.9,55.36257,38.54199,102.24635,16.38109,28.66939,45.47336
4.1,4.9,4.0,15.9,23.20076,19.39282,65.27181,3.5296,14.36617,18.15142
2.1,14.9,4.0,35.9,59.19318,42.93285,102.26526,15.8527,23.83046,40.05013
